{
  "elements": [
    {
      "data": {
        "id": "essex_county_council",
        "label": "Essex CC",
        "type": "ORGANIZATION",
        "group": "nodes"
      },
      "classes": "org"
    },
    {
      "data": {
        "id": "knowsley_council",
        "label": "Knowsley CC",
        "type": "ORGANIZATION",
        "group": "nodes"
      },
      "classes": "org"
    },
    {
      "data": {
        "id": "lancaster_university",
        "label": "Lancaster University",
        "type": "ORGANIZATION",
        "group": "nodes"
      },
      "classes": "org"
    },
    {
      "data": {
        "id": "coram",
        "label": "CORAM",
        "type": "ORGANIZATION",
        "group": "nodes"
      },
      "classes": "org"
    },
    {
      "data": {
        "id": "rcc",
        "label": "Regional Care Co-op (RCC)",
        "type": "ORGANIZATION",
        "group": "nodes"
      },
      "classes": "org"
    },
    {
      "data": {
        "id": "data_to_insight",
        "label": "Data to Insight",
        "type": "ORGANIZATION",
        "group": "nodes"
      },
      "classes": "org"
    },
    {
      "data": {
        "id": "npimg",
        "label": "NPIMG",
        "type": "ORGANIZATION",
        "group": "nodes"
      },
      "classes": "org"
    },
    {
      "data": {
        "id": "lga",
        "label": "LGA",
        "type": "ORGANIZATION",
        "group": "nodes"
      },
      "classes": "org"
    },
    {
      "data": {
        "id": "research_in_practice",
        "label": "Research in Practice (RiP)",
        "type": "ORGANIZATION",
        "group": "nodes"
      },
      "classes": "org"
    },
    {
      "data": {
        "id": "social_finance",
        "label": "Social Finance",
        "type": "ORGANIZATION",
        "group": "nodes"
      },
      "classes": "org"
    },
    {
      "data": {
        "id": "csdug",
        "label": "CSDUG",
        "type": "ORGANIZATION",
        "group": "nodes"
      },
      "classes": "org"
    },
    {
      "data": {
        "id": "hertfordshire_county_council",
        "label": "Hertfordshire CC",
        "type": "ORGANIZATION",
        "group": "nodes"
      },
      "classes": "org"
    },
    {
      "data": {
        "id": "adcs",
        "label": "ADCS",
        "type": "ORGANIZATION",
        "group": "nodes"
      },
      "classes": "org"
    },
    {
      "data": {
        "id": "department_for_education",
        "label": "DfE",
        "type": "ORGANIZATION",
        "group": "nodes"
      },
      "classes": "org"
    },
    {
      "data": {
        "id": "ddsf2a_social_workers_and_cms_constraints",
        "label": "Research DDSF2a social workers and CMS constraints",
        "type": "RESOURCE",
        "group": "nodes"
      },
      "classes": "default"
    },
    {
      "data": {
        "id": "ddsf1a_standard_safeguarding_dataset",
        "label": "Standard Safeguarding Dataset (SSD)",
        "type": "RESOURCE",
        "group": "nodes"
      },
      "classes": "default"
    },
    {
      "data": {
        "id": "standard_safeguarding_dataset",
        "label": "Standard Safeguarding Dataset (SSD)",
        "type": "RESOURCE",
        "group": "nodes"
      },
      "classes": "default"
    },
    {
      "data": {
        "id": "d2i_excel_toolkit_maintenance",
        "label": "D2I Excel Toolkit Maintenance",
        "type": "SERVICE",
        "group": "nodes"
      },
      "classes": "service"
    },
    {
      "data": {
        "id": "centre_of_excellence",
        "label": "Centre of Excellence",
        "type": "SERVICE",
        "group": "nodes"
      },
      "classes": "service"
    },
    {
      "data": {
        "id": "d2i_data_validators",
        "label": "D2I Data Validators",
        "type": "SERVICE",
        "group": "nodes"
      },
      "classes": "service"
    },
    {
      "data": {
        "id": "d2i_apprenticeships",
        "label": "D2I Apprenticeships",
        "type": "SERVICE",
        "group": "nodes"
      },
      "classes": "service"
    },
    {
      "data": {
        "id": "childrens_social_care_in_england_2025",
        "label": "Methodology Report Children's Social Care in England 2025",
        "type": "EVENT",
        "group": "nodes"
      },
      "classes": "event"
    },
    {
      "data": {
        "id": "childrens_wellbeing_schools_bill_2024_25",
        "label": "Children's Wellbeing and Schools Bill 2024–25",
        "type": "EVENT",
        "group": "nodes"
      },
      "classes": "event"
    },
    {
      "data": {
        "id": "nvest2",
        "label": "NVEST2 | Families First CMS challenges",
        "type": "EVENT",
        "group": "nodes"
      },
      "classes": "event"
    },
    {
      "data": {
        "id": "nvest3",
        "label": "NVEST3 | Tbc",
        "type": "EVENT",
        "group": "nodes"
      },
      "classes": "event"
    },
    {
      "data": {
        "id": "nvest1",
        "label": "NVEST1",
        "type": "EVENT",
        "group": "nodes"
      },
      "classes": "event"
    },
    {
      "data": {
        "id": "childrens_social_care_review",
        "label": "Children's Social Care Review",
        "type": "EVENT",
        "group": "nodes"
      },
      "classes": "event"
    },
    {
      "data": {
        "id": "childrens_social_care_national_framework",
        "label": "Children's Social Care National Framework",
        "type": "PLAN",
        "group": "nodes"
      },
      "classes": "plan"
    },
    {
      "data": {
        "id": "ffp_programme_guide_2025",
        "label": "FFP Programme Guide 2025",
        "type": "PLAN",
        "group": "nodes"
      },
      "classes": "plan"
    },
    {
      "data": {
        "id": "national_kinship_care_strategy",
        "label": "Kinship Care Strategy",
        "type": "PLAN",
        "group": "nodes"
      },
      "classes": "plan"
    },
    {
      "data": {
        "id": "nvest",
        "label": "NVEST (National Voice for Excellence in Safeguaring Technology)",
        "type": "PLAN",
        "group": "nodes"
      },
      "classes": "plan"
    },
    {
      "data": {
        "id": "ddsf",
        "label": "Data and Digital Solutions Fund (DDSF)",
        "type": "PLAN",
        "group": "nodes"
      },
      "classes": "plan"
    },
    {
      "data": {
        "id": "childrens_act_1989",
        "label": "Childrens Act 1989",
        "type": "RULE",
        "group": "nodes"
      },
      "classes": "rule"
    },
    {
      "data": {
        "id": "cin_census_data_requirements",
        "label": "CiN Census Data Validation Requirements",
        "type": "RULE",
        "group": "nodes"
      },
      "classes": "rule"
    },
    {
      "data": {
        "id": "keeping_children_safe_in_education_2025",
        "label": "Keeping Children Safe in Education 2025",
        "type": "RULE",
        "group": "nodes"
      },
      "classes": "rule"
    },
    {
      "data": {
        "source": "essex_county_council",
        "target": "data_to_insight",
        "label": "collaboratesWith",
        "relationship_type": "collaboratesWith",
        "group": "edges"
      }
    },
    {
      "data": {
        "source": "cin_census_data_requirements",
        "target": "d2i_data_validators",
        "label": "appliedTo",
        "relationship_type": "appliedTo",
        "group": "edges"
      }
    },
    {
      "data": {
        "source": "department_for_education",
        "target": "childrens_social_care_national_framework",
        "label": "hasPlan",
        "relationship_type": "hasPlan",
        "group": "edges"
      }
    },
    {
      "data": {
        "source": "data_to_insight",
        "target": "d2i_data_validators",
        "label": "responsibleFor",
        "relationship_type": "responsibleFor",
        "group": "edges"
      }
    },
    {
      "data": {
        "source": "knowsley_council",
        "target": "data_to_insight",
        "label": "collaboratesWith",
        "relationship_type": "collaboratesWith",
        "group": "edges"
      }
    },
    {
      "data": {
        "source": "data_to_insight",
        "target": "d2i_apprenticeships",
        "label": "provides",
        "relationship_type": "provides",
        "group": "edges"
      }
    },
    {
      "data": {
        "source": "department_for_education",
        "target": "childrens_wellbeing_schools_bill_2024_25",
        "label": "proposes",
        "relationship_type": "proposes",
        "group": "edges"
      }
    },
    {
      "data": {
        "source": "hertfordshire_county_council",
        "target": "data_to_insight",
        "label": "collaboratesWith",
        "relationship_type": "collaboratesWith",
        "group": "edges"
      }
    },
    {
      "data": {
        "source": "data_to_insight",
        "target": "d2i_excel_toolkit_maintenance",
        "label": "responsibleFor",
        "relationship_type": "responsibleFor",
        "group": "edges"
      }
    },
    {
      "data": {
        "source": "adcs",
        "target": "data_to_insight",
        "label": "collaboratesWith",
        "relationship_type": "collaboratesWith",
        "group": "edges"
      }
    },
    {
      "data": {
        "source": "department_for_education",
        "target": "keeping_children_safe_in_education_2025",
        "label": "hasPlan",
        "relationship_type": "hasPlan",
        "group": "edges"
      }
    },
    {
      "data": {
        "source": "department_for_education",
        "target": "cin_census_data_requirements",
        "label": "definesCollection",
        "relationship_type": "definesCollection",
        "group": "edges"
      }
    },
    {
      "data": {
        "source": "department_for_education",
        "target": "national_kinship_care_strategy",
        "label": "hasPlan",
        "relationship_type": "hasPlan",
        "group": "edges"
      }
    },
    {
      "data": {
        "source": "department_for_education",
        "target": "ffp_programme_guide_2025",
        "label": "initiates",
        "relationship_type": "initiates",
        "group": "edges"
      }
    },
    {
      "data": {
        "source": "data_to_insight",
        "target": "centre_of_excellence",
        "label": "responsibleFor",
        "relationship_type": "responsibleFor",
        "group": "edges"
      }
    }
  ]
}